id; stop; times; type_of_day; information
208-09h15;208;{'Mosteiros - Ramal': '09h15', 'João Bom': '09h25', 'Ajuda - Ramal': '09h35', 'Remédios': '09h40', 'Santa Bárbara - Ramal': '09h45', 'Santo António - Cruz': '09h50', 'Capelas - Rossio': '09h57', 'Capelas - Navio': '09h59', 'São Vicente - Atafona': '10h02', 'Fajã de Cima': '10h02', 'Ponta Delgada - Hospital': '10h11', 'Ponta Delgada': '10h35'};WEEKDAY;{'pt': "Passagem em 'Capelas - Rossio' junto ao Santander", 'en': "Bus Stop in 'Capelas - Rossio' near Santander", 'es': "Parada de autobús en 'Capelas - Rossio' cerca de Santander", 'fr': "Arrêt de bus à 'Capelas - Rossio' près de Santander", 'de': "Bushaltestelle in 'Capelas - Rossio' bei Santander"}
208-16h45;208;{'Mosteiros - Ramal': '16h45', 'João Bom': '16h55', 'Ajuda - Ramal': '17h05', 'Remédios': '17h10', 'Santa Bárbara - Ramal': '17h15', 'Santo António - Cruz': '17h20', 'Capelas - Rossio': '17h27', 'Capelas - Navio': '17h29', 'São Vicente - Atafona': '17h32', 'Fajã de Cima': '17h32', 'Ponta Delgada - Hospital': '17h41', 'Ponta Delgada': '18h05'};WEEKDAY;{'pt': "Passagem em 'Capelas - Rossio' junto ao Santander", 'en': "Bus Stop in 'Capelas - Rossio' near Santander", 'es': "Parada de autobús en 'Capelas - Rossio' cerca de Santander", 'fr': "Arrêt de bus à 'Capelas - Rossio' près de Santander", 'de': "Bushaltestelle in 'Capelas - Rossio' bei Santander"}
208-07h15;208;{'Ponta Delgada': '07h15', 'Av Principe Mónaco': '07h20', 'Ponta Delgada - Hospital': '07h27', 'Fajã de Cima': '07h35', 'São Vicente - Atafona': '07h48', 'Capelas - Navio': '07h51', 'Capelas - Rossio': '07h53', 'Santo António - Cruz': '07h58', 'Santa Bárbara - Ramal': '08h04', 'Remédios': '08h08', 'Ajuda - Ramal': '08h15', 'João Bom': '08h23', 'Mosteiros - Ramal': '08h35'};WEEKDAY;{'pt': "Passagem em 'Capelas - Rossio' junto ao Santander", 'en': "Bus Stop in 'Capelas - Rossio' near Santander", 'es': "Parada de autobús en 'Capelas - Rossio' cerca de Santander", 'fr': "Arrêt de bus à 'Capelas - Rossio' près de Santander", 'de': "Bushaltestelle in 'Capelas - Rossio' bei Santander"}
208-14h35;208;{'Ponta Delgada': '14h35', 'Av Principe Mónaco': '14h40', 'Ponta Delgada - Hospital': '14h47', 'Fajã de Cima': '14h55', 'São Vicente - Atafona': '15h08', 'Capelas - Navio': '15h11', 'Capelas - Rossio': '15h13', 'Santo António - Cruz': '15h18', 'Santa Bárbara - Ramal': '15h24', 'Remédios': '15h28', 'Ajuda - Ramal': '15h35', 'João Bom': '15h43', 'Mosteiros - Ramal': '15h55'};WEEKDAY;{'pt': "Passagem em 'Capelas - Rossio' junto ao Santander", 'en': "Bus Stop in 'Capelas - Rossio' near Santander", 'es': "Parada de autobús en 'Capelas - Rossio' cerca de Santander", 'fr': "Arrêt de bus à 'Capelas - Rossio' près de Santander", 'de': "Bushaltestelle in 'Capelas - Rossio' bei Santander"}
219-06h00;219;{'João Bom': '06h00', 'Ajuda - Igreja': '06h13', 'Remédios': '06h18', 'Santa Bárbara - Ramal': '06h23', 'Santo António - Cruz': '06h28', 'Capelas - Rossio': '06h35', 'Capelas - Navio': '06h36', 'São Vicente - Atafona': '06h40', 'Fajã de Cima': '06h52', 'Ponta Delgada': '07h10'};WEEKDAY;{'pt': "Passagem em 'Capelas - Rossio' junto ao Santander", 'en': "Bus Stop in 'Capelas - Rossio' near Santander", 'es': "Parada de autobús en 'Capelas - Rossio' cerca de Santander", 'fr': "Arrêt de bus à 'Capelas - Rossio' près de Santander", 'de': "Bushaltestelle in 'Capelas - Rossio' bei Santander"}
219-07h10;219;{'João Bom': '07h10', 'Ajuda - Igreja': '07h23', 'Remédios': '07h28', 'Santa Bárbara - Ramal': '07h33', 'Santo António - Cruz': '07h38', 'Capelas - Rossio': '07h45', 'Capelas - Navio': '07h46', 'São Vicente - Atafona': '07h50', 'Fajã de Cima': '08h02', 'Ponta Delgada - Hospital': '08h11', 'Ponta Delgada': '08h25'};WEEKDAY;{'pt': "Passagem em 'Capelas - Rossio' junto ao Santander", 'en': "Bus Stop in 'Capelas - Rossio' near Santander", 'es': "Parada de autobús en 'Capelas - Rossio' cerca de Santander", 'fr': "Arrêt de bus à 'Capelas - Rossio' près de Santander", 'de': "Bushaltestelle in 'Capelas - Rossio' bei Santander"}
219-08h30;219;{'João Bom': '08h30', 'Ajuda - Igreja': '08h43', 'Remédios - Igreja': '08h48', 'Santa Bárbara - Cavalo Branco': '08h53', 'Santo António - Cruz': '08h57', 'Capelas - Rossio': '09h04', 'Capelas - Navio': '09h05', 'São Vicente - Atafona': '09h14', 'Ponta Delgada - Hospital': '09h31', 'Ponta Delgada': '09h45'};WEEKDAY;{'pt': "Passagem em 'Capelas - Rossio' junto ao Santander", 'en': "Bus Stop in 'Capelas - Rossio' near Santander", 'es': "Parada de autobús en 'Capelas - Rossio' cerca de Santander", 'fr': "Arrêt de bus à 'Capelas - Rossio' près de Santander", 'de': "Bushaltestelle in 'Capelas - Rossio' bei Santander"}
219-12h30;219;{'João Bom': '12h30', 'Ajuda - Igreja': '12h43', 'Remédios': '12h48', 'Santa Bárbara - Ramal': '12h53', 'Santo António - Cruz': '12h58', 'Capelas - Rossio': '13h05', 'Capelas - Navio': '13h06', 'São Vicente - Atafona': '13h10', 'Fajã de Cima': '13h22', 'Ponta Delgada - Hospital': '13h31', 'Ponta Delgada': '13h45'};WEEKDAY;{'pt': "Passagem em 'Capelas - Rossio' junto ao Santander", 'en': "Bus Stop in 'Capelas - Rossio' near Santander", 'es': "Parada de autobús en 'Capelas - Rossio' cerca de Santander", 'fr': "Arrêt de bus à 'Capelas - Rossio' près de Santander", 'de': "Bushaltestelle in 'Capelas - Rossio' bei Santander"}
219-15h00;219;{'João Bom': '15h00', 'Ajuda - Igreja': '15h13', 'Remédios': '15h18', 'Santa Bárbara - Ramal': '15h23', 'Santo António - Cruz': '15h28', 'Capelas - Rossio': '15h35', 'Capelas - Navio': '15h36', 'São Vicente - Atafona': '15h40', 'Fajã de Cima': '15h27', 'Ponta Delgada': '16h10'};WEEKDAY;{'pt': "Passagem em 'Capelas - Rossio' junto ao Santander", 'en': "Bus Stop in 'Capelas - Rossio' near Santander", 'es': "Parada de autobús en 'Capelas - Rossio' cerca de Santander", 'fr': "Arrêt de bus à 'Capelas - Rossio' près de Santander", 'de': "Bushaltestelle in 'Capelas - Rossio' bei Santander"}
219-09h30;219;{'Ponta Delgada': '09h30', 'Ponta Delgada - Hospital': '09h42', 'Fajã de Cima': '09h48', 'São Vicente - Atafona': '10h00', 'Capelas - Navio': '10h04', 'Capelas - Rossio': '10h05', 'Santo António - Cruz': '10h12', 'Santa Bárbara - Ramal': '10h17', 'Remédios': '10h22', 'Ajuda - Igreja': '10h27', 'João Bom': '10h40'};WEEKDAY;{'pt': "Passagem em 'Capelas - Rossio' junto ao Santander", 'en': "Bus Stop in 'Capelas - Rossio' near Santander", 'es': "Parada de autobús en 'Capelas - Rossio' cerca de Santander", 'fr': "Arrêt de bus à 'Capelas - Rossio' près de Santander", 'de': "Bushaltestelle in 'Capelas - Rossio' bei Santander"}
219-12h30;219;{'Ponta Delgada': '12h30', 'Ponta Delgada - Hospital': '12h42', 'Fajã de Cima': '12h48', 'São Vicente - Atafona': '13h00', 'Capelas - Navio': '13h04', 'Capelas - Rossio': '13h05', 'Santo António - Cruz': '13h12', 'Santa Bárbara - Ramal': '13h17', 'Remédios': '13h22', 'Ajuda - Igreja': '13h27', 'João Bom': '13h40'};WEEKDAY;{'pt': "Passagem em 'Capelas - Rossio' junto ao Santander", 'en': "Bus Stop in 'Capelas - Rossio' near Santander", 'es': "Parada de autobús en 'Capelas - Rossio' cerca de Santander", 'fr': "Arrêt de bus à 'Capelas - Rossio' près de Santander", 'de': "Bushaltestelle in 'Capelas - Rossio' bei Santander"}
219-16h00;219;{'Ponta Delgada': '16h00', 'Ponta Delgada - Hospital': '16h12', 'Fajã de Cima': '16h18', 'São Vicente - Atafona': '16h30', 'Capelas - Navio': '16h34', 'Capelas - Rossio': '16h35', 'Santo António - Cruz': '16h42', 'Santa Bárbara - Ramal': '16h47', 'Remédios': '16h52', 'Ajuda - Igreja': '16h57', 'João Bom': '17h08'};WEEKDAY;{'pt': "Passagem em 'Capelas - Rossio' junto ao Santander", 'en': "Bus Stop in 'Capelas - Rossio' near Santander", 'es': "Parada de autobús en 'Capelas - Rossio' cerca de Santander", 'fr': "Arrêt de bus à 'Capelas - Rossio' près de Santander", 'de': "Bushaltestelle in 'Capelas - Rossio' bei Santander"}
219-18h15;219;{'Ponta Delgada': '18h15', 'Ponta Delgada - Hospital': '18h27', 'Fajã de Cima': '18h33', 'São Vicente - Atafona': '17h45', 'Capelas - Navio': '18h49', 'Capelas - Rossio': '18h50', 'Santo António - Cruz': '18h57', 'Santa Bárbara - Ramal': '19h02', 'Remédios': '19h07', 'Ajuda - Igreja': '19h12', 'João Bom': '19h25'};WEEKDAY;{'pt': "Passagem em 'Capelas - Rossio' junto ao Santander", 'en': "Bus Stop in 'Capelas - Rossio' near Santander", 'es': "Parada de autobús en 'Capelas - Rossio' cerca de Santander", 'fr': "Arrêt de bus à 'Capelas - Rossio' près de Santander", 'de': "Bushaltestelle in 'Capelas - Rossio' bei Santander"}
219-19h00;219;{'Ponta Delgada': '19h00', 'Fajã de Cima': '19h18', 'São Vicente - Atafona': '19h30', 'Capelas - Navio': '19h34', 'Capelas - Rossio': '19h35', 'Santo António - Cruz': '19h42', 'Santa Bárbara - Ramal': '19h47', 'Remédios': '19h52', 'Ajuda - Igreja': '19h57', 'João Bom': '20h10'};WEEKDAY;{'pt': "Passagem em 'Capelas - Rossio' junto ao Santander", 'en': "Bus Stop in 'Capelas - Rossio' near Santander", 'es': "Parada de autobús en 'Capelas - Rossio' cerca de Santander", 'fr': "Arrêt de bus à 'Capelas - Rossio' près de Santander", 'de': "Bushaltestelle in 'Capelas - Rossio' bei Santander"}
207-09h05;207;{'Varzea': '09h05', 'Mosteiros - Ramal': '09h15', 'Ajuda - Ramal': '09h35', 'Remédios': '09h40', 'Santa Bárbara - Ramal': '09h45', 'Santo António - Cruz': '09h50', 'Capelas - Rossio': '09h57', 'Capelas - Navio': '09h58', 'São Vicente - Atafona': '10h02', 'Fajã de Cima': '10h13', 'Ponta Delgada - Hospital': '10h21', 'Ponta Delgada': '10h33'};WEEKDAY;None
207-16h25;207;{'Sete Cidades - Ponte': '16h25', 'Varzea': '16h40', 'Mosteiros - Ramal': '16h45', 'Ajuda - Ramal': '17h05', 'Remédios': '17h10', 'Santa Bárbara - Ramal': '17h15', 'Santo António - Cruz': '17h20', 'Capelas - Rossio': '17h27', 'Capelas - Navio': '17h28', 'São Vicente - Atafona': '17h32', 'Fajã de Cima': '17h43', 'Ponta Delgada - Hospital': '17h51', 'Ponta Delgada': '18h03'};WEEKDAY;None
207-07h15;207;{'Ponta Delgada': '07h15', 'Ponta Delgada - Hospital': '07h27', 'Fajã de Cima': '07h36', 'São Vicente - Atafona': '07h48', 'Capelas - Navio': '07h52', 'Capelas - Rossio': '07h53', 'Santo António - Cruz': '08h00', 'Santa Bárbara - Ramal': '08h05', 'Remédios': '08h10', 'Ajuda - Ramal': '08h15', 'Mosteiros - Ramal': '08h35', 'Varzea': '08h45'};WEEKDAY;None
207-14h35;207;{'Ponta Delgada': '14h35', 'Ponta Delgada - Hospital': '14h47', 'Fajã de Cima': '14h56', 'São Vicente - Atafona': '15h08', 'Capelas - Navio': '15h12', 'Capelas - Rossio': '15h13', 'Santo António - Cruz': '15h20', 'Santa Bárbara - Ramal': '15h25', 'Remédios': '15h30', 'Ajuda - Ramal': '15h35', 'Mosteiros - Ramal': '15h55', 'Varzea': '16h05', 'Sete Cidades - Ponte': '16h15'};WEEKDAY;None
207-07h15;207;{'Ponta Delgada': '07h15', 'Av Principe Mónaco': '07h20', 'Ponta Delgada - Hospital': '07h27', 'Fajã de Cima': '07h35', 'São Vicente - Atafona': '07h48', 'São Vicente - Igreja': '07h50', 'Fenais da Luz - Igreja': '07h53', 'Fenais da Luz - Bairro': '07h54', 'Capelas - Navio': '07h57', 'Capelas - Rossio': '07h59', 'Santo António - Cruz': '08h04', 'Santa Bárbara - Ramal': '08h10', 'Remédios': '08h14', 'Ajuda - Ramal': '08h21', 'João Bom': '08h29', 'Mosteiros - Ramal': '08h41', 'Varzea': '08h46', 'Sete Cidades - Igreja': '08h56', 'Sete Cidades - Ponte': '09h01'};SATURDAY;None
207-14h35;207;{'Ponta Delgada': '14h35', 'Av Principe Mónaco': '14h40', 'Ponta Delgada - Hospital': '14h47', 'Fajã de Cima': '14h55', 'São Vicente - Atafona': '15h08', 'São Vicente - Igreja': '15h10', 'Fenais da Luz - Igreja': '15h13', 'Fenais da Luz - Bairro': '15h14', 'Capelas - Navio': '15h17', 'Capelas - Rossio': '15h19', 'Santo António - Cruz': '15h24', 'Santa Bárbara - Ramal': '15h30', 'Remédios': '15h34', 'Ajuda - Ramal': '15h41', 'João Bom': '15h49', 'Mosteiros - Ramal': '16h01', 'Varzea': '16h06', 'Sete Cidades - Igreja': '16h16', 'Sete Cidades - Ponte': '16h21'};SATURDAY;None
207-08h55;207;{'Sete Cidades - Ponte': '08h55', 'Sete Cidades - Igreja': '09h00', 'Varzea': '09h10', 'Mosteiros - Ramal': '09h15', 'João Bom': '09h25', 'Ajuda - Ramal': '09h35', 'Remédios': '09h40', 'Santa Bárbara - Ramal': '09h45', 'Santo António - Cruz': '09h48', 'Capelas - Rossio': '09h57', 'Capelas - Navio': '09h59', 'Fenais da Luz - Bairro': '10h17', 'Fenais da Luz - Igreja': '10h18', 'São Vicente - Igreja': '10h21', 'São Vicente - Atafona': '10h23', 'Fajã de Cima': '10h32', 'Ponta Delgada - Hospital': '10h43', 'Ponta Delgada': '10h59'};SATURDAY;None
207-16h25;207;{'Sete Cidades - Ponte': '16h25', 'Sete Cidades - Igreja': '16h30', 'Varzea': '16h40', 'Mosteiros - Ramal': '16h45', 'João Bom': '16h55', 'Ajuda - Ramal': '17h05', 'Remédios': '17h10', 'Santa Bárbara - Ramal': '17h15', 'Santo António - Cruz': '17h18', 'Capelas - Rossio': '17h27', 'Capelas - Navio': '17h29', 'Fenais da Luz - Bairro': '17h47', 'Fenais da Luz - Igreja': '17h48', 'São Vicente - Igreja': '17h51', 'São Vicente - Atafona': '17h53', 'Fajã de Cima': '18h02', 'Ponta Delgada - Hospital': '18h13', 'Ponta Delgada': '18h29'};SATURDAY;None
207-08h30;207;{'Ponta Delgada': '08h30', 'Av Principe Mónaco': '08h35', 'Ponta Delgada - Hospital': '08h42', 'Fajã de Cima': '08h50', 'São Vicente - Atafona': '09h15', 'Batalha': '08h59', 'Farropo': '09h04', 'Fenais da Luz - Igreja': '09h08', 'Fenais da Luz - Bairro': '09h09', 'São Vicente - Igreja': '09h13', 'Capelas - Navio': '09h17', 'Capelas - Rossio': '09h20', 'Santo António - Cruz': '09h25', 'Santa Bárbara - Ramal': '09h31', 'Remédios': '09h35', 'Ajuda - Ramal': '09h42', 'João Bom': '09h50', 'Mosteiros - Ramal': '10h02', 'Varzea': '10h12', 'Sete Cidades - Igreja': '10h22', 'Sete Cidades - Ponte': '10h27'};SUNDAY;None
207-16h15;207;{'Ponta Delgada': '16h15', 'Av Principe Mónaco': '16h20', 'Ponta Delgada - Hospital': '16h27', 'Fajã de Cima': '16h35', 'Capelas - Navio': '16h50', 'Capelas - Rossio': '16h53', 'Santo António - Cruz': '16h58', 'Santa Bárbara - Ramal': '17h04', 'Remédios': '17h08', 'Ajuda - Ramal': '17h15', 'João Bom': '17h23', 'Mosteiros - Ramal': '17h35', 'Varzea': '17h35', 'Sete Cidades - Igreja': '17h55', 'Sete Cidades - Ponte': '18h00'};SUNDAY;None
207-10h45;207;{'Sete Cidades - Ponte': '10h45', 'Sete Cidades - Igreja': '10h50', 'Varzea': '11h00', 'Mosteiros - Ramal': '11h10', 'João Bom': '11h20', 'Ajuda - Ramal': '11h30', 'Remédios': '11h35', 'Santa Bárbara - Ramal': '11h40', 'Santo António - Cruz': '11h45', 'Grota do Morro': '11h49', 'Capelas - Rossio': '11h52', 'Capelas - Navio': '11h54', 'São Vicente - Atafona': '11h57', 'São Vicente - Igreja': '11h59', 'Fenais da Luz - Bairro': '12h04', 'Fenais da Luz - Igreja': '12h05', 'Farropo': '12h09', 'Batalha': '12h14', 'Fajã de Cima': '12h19', 'Ponta Delgada - Hospital': '12h30', 'Ponta Delgada': '12h44'};SUNDAY;None
207-18h05;207;{'Sete Cidades - Ponte': '18h05', 'Sete Cidades - Igreja': '18h10', 'Varzea': '18h20', 'Mosteiros - Ramal': '18h25', 'João Bom': '18h35', 'Ajuda - Ramal': '18h45', 'Remédios': '18h50', 'Santa Bárbara - Ramal': '18h55', 'Santo António - Cruz': '19h00', 'Capelas - Rossio': '19h07', 'Capelas - Navio': '19h09', 'São Vicente - Atafona': '19h12', 'São Vicente - Igreja': '19h14', 'Fenais da Luz - Bairro': '19h19', 'Fenais da Luz - Igreja': '19h20', 'Farropo': '19h24', 'Batalha': '19h29', 'Fajã de Cima': '19h34', 'Ponta Delgada': '19h59'};SUNDAY;None
214-18h05;214;{'Ponta Delgada': '18h05', 'Fajã de Cima': '18h20', 'Batalha': '18h28', 'Farropo': '18h33', 'Fenais da Luz - Igreja': '18h37', 'Fenais da Luz - Bairro': '18h38', 'Calhetas': '18h44', 'Capelas - Navio': '19h00', 'Capelas - Rossio': '19h01', 'Grota do Morro': '19h05'};SUNDAY;None
218-06h15;218;{'Santo António - Moagem': '06h15', 'Santo António - Igreja': '06h18', 'Capelas - Rossio': '06h24', 'Teatro Novo': '06h29', 'Fajã de Cima': '06h52', 'Ponta Delgada': '06h58'};WEEKDAY;{'pt': "Passagem em 'Capelas - Rossio' junto à escola", 'en': "Bus Stop in 'Capelas - Rossio' near the School", 'es': "Parada de autobús en 'Capelas - Rossio' cerca de la escuela", 'fr': "Arrêt de bus à 'Capelas - Rossio' près de l'école", 'de': "Bushaltestelle in 'Capelas - Rossio' in der Nähe der Schule"}
218-07h05;218;{'Remédios': '07h05', 'Santa Bárbara - Cavalo Branco': '07h14', 'Santo António - Moagem': '07h16', 'Santo António - Igreja': '07h19', 'Capelas - Rossio': '07h26', 'Teatro Novo': '07h31', 'Fajã de Cima': '07h43', 'Ponta Delgada - Hospital': '07h51', 'Ponta Delgada': '08h03'};WEEKDAY;{'pt': "Passagem em 'Capelas - Rossio' junto à escola", 'en': "Bus Stop in 'Capelas - Rossio' near the School", 'es': "Parada de autobús en 'Capelas - Rossio' cerca de la escuela", 'fr': "Arrêt de bus à 'Capelas - Rossio' près de l'école", 'de': "Bushaltestelle in 'Capelas - Rossio' in der Nähe der Schule"}
218-08h45;218;{'Santo António - Moagem': '08h45', 'Santo António - Igreja': '06h18', 'Capelas - Rossio': '08h58', 'Teatro Novo': '08h59', 'Fajã de Cima': '09h12', 'Ponta Delgada - Hospital': '09h21', 'Ponta Delgada': '09h33'};WEEKDAY;{'pt': "Passagem em 'Capelas - Rossio' junto à escola", 'en': "Bus Stop in 'Capelas - Rossio' near the School", 'es': "Parada de autobús en 'Capelas - Rossio' cerca de la escuela", 'fr': "Arrêt de bus à 'Capelas - Rossio' près de l'école", 'de': "Bushaltestelle in 'Capelas - Rossio' in der Nähe der Schule"}
218-13h45;218;{'Santo António - Moagem': '13h45', 'Santo António - Igreja': '08h48', 'Capelas - Rossio': '13h54', 'Teatro Novo': '13h59', 'Fajã de Cima': '14h12', 'Ponta Delgada': '14h28'};WEEKDAY;{'pt': "Passagem em 'Capelas - Rossio' junto à escola", 'en': "Bus Stop in 'Capelas - Rossio' near the School", 'es': "Parada de autobús en 'Capelas - Rossio' cerca de la escuela", 'fr': "Arrêt de bus à 'Capelas - Rossio' près de l'école", 'de': "Bushaltestelle in 'Capelas - Rossio' in der Nähe der Schule"}
218-15h00;218;{'Santo António - Moagem': '15h00', 'Santo António - Igreja': '13h48', 'Capelas - Rossio': '15h09', 'Teatro Novo': '15h14', 'Fajã de Cima': '15h27', 'Ponta Delgada - Hospital': '15h36', 'Ponta Delgada': '15h48'};WEEKDAY;{'pt': "Passagem em 'Capelas - Rossio' junto à escola", 'en': "Bus Stop in 'Capelas - Rossio' near the School", 'es': "Parada de autobús en 'Capelas - Rossio' cerca de la escuela", 'fr': "Arrêt de bus à 'Capelas - Rossio' près de l'école", 'de': "Bushaltestelle in 'Capelas - Rossio' in der Nähe der Schule"}
218-17h15;218;{'Santo António - Moagem': '17h15', 'Santo António - Igreja': '15h03', 'Capelas - Rossio': '17h24', 'Teatro Novo': '17h29', 'Fajã de Cima': '17h42', 'Ponta Delgada': '18h00'};WEEKDAY;{'pt': "Passagem em 'Capelas - Rossio' junto à escola", 'en': "Bus Stop in 'Capelas - Rossio' near the School", 'es': "Parada de autobús en 'Capelas - Rossio' cerca de la escuela", 'fr': "Arrêt de bus à 'Capelas - Rossio' près de l'école", 'de': "Bushaltestelle in 'Capelas - Rossio' in der Nähe der Schule"}
218-07h45;218;{'Ponta Delgada': '07h45', 'Ponta Delgada - Hospital': '07h57', 'Teatro Novo': '08h16', 'Capelas - Rossio': '08h21', 'Santo António - Igreja': '08h27', 'Santo António - Moagem': '08h30'};WEEKDAY;{'pt': "Passagem em 'Capelas - Rossio' junto à escola", 'en': "Bus Stop in 'Capelas - Rossio' near the School", 'es': "Parada de autobús en 'Capelas - Rossio' cerca de la escuela", 'fr': "Arrêt de bus à 'Capelas - Rossio' près de l'école", 'de': "Bushaltestelle in 'Capelas - Rossio' in der Nähe der Schule"}
218-12h00;218;{'Ponta Delgada': '12h00', 'Fajã de Cima': '12h18', 'Teatro Novo': '12h31', 'Capelas - Rossio': '12h36', 'Santo António - Igreja': '12h42', 'Santo António - Moagem': '12h45'};WEEKDAY;{'pt': "Passagem em 'Capelas - Rossio' junto à escola", 'en': "Bus Stop in 'Capelas - Rossio' near the School", 'es': "Parada de autobús en 'Capelas - Rossio' cerca de la escuela", 'fr': "Arrêt de bus à 'Capelas - Rossio' près de l'école", 'de': "Bushaltestelle in 'Capelas - Rossio' in der Nähe der Schule"}
218-14h00;218;{'Ponta Delgada': '14h00', 'Fajã de Cima': '14h18', 'Teatro Novo': '14h31', 'Capelas - Rossio': '14h36', 'Santo António - Igreja': '14h42', 'Santo António - Moagem': '14h45'};WEEKDAY;{'pt': "Passagem em 'Capelas - Rossio' junto à escola", 'en': "Bus Stop in 'Capelas - Rossio' near the School", 'es': "Parada de autobús en 'Capelas - Rossio' cerca de la escuela", 'fr': "Arrêt de bus à 'Capelas - Rossio' près de l'école", 'de': "Bushaltestelle in 'Capelas - Rossio' in der Nähe der Schule"}
218-16h15;218;{'Ponta Delgada': '16h15', 'Fajã de Cima': '16h33', 'Teatro Novo': '16h46', 'Capelas - Rossio': '16h51', 'Santo António - Igreja': '16h57', 'Santo António - Moagem': '17h00'};WEEKDAY;{'pt': "Passagem em 'Capelas - Rossio' junto à escola", 'en': "Bus Stop in 'Capelas - Rossio' near the School", 'es': "Parada de autobús en 'Capelas - Rossio' cerca de la escuela", 'fr': "Arrêt de bus à 'Capelas - Rossio' près de l'école", 'de': "Bushaltestelle in 'Capelas - Rossio' in der Nähe der Schule"}
218-17h30;218;{'Ponta Delgada': '17h30', 'Ponta Delgada - Hospital': '17h42', 'Fajã de Cima': '17h51', 'Teatro Novo': '18h04', 'Capelas - Rossio': '18h09', 'Santo António - Igreja': '18h16', 'Santo António - Moagem': '18h19', 'Santa Bárbara - Cavalo Branco': '18h21', 'Remédios': '18h25'};WEEKDAY;{'pt': "Passagem em 'Capelas - Rossio' junto à escola", 'en': "Bus Stop in 'Capelas - Rossio' near the School", 'es': "Parada de autobús en 'Capelas - Rossio' cerca de la escuela", 'fr': "Arrêt de bus à 'Capelas - Rossio' près de l'école", 'de': "Bushaltestelle in 'Capelas - Rossio' in der Nähe der Schule"}
218-18h20;218;{'Ponta Delgada': '18h20', 'Fajã de Cima': '18h38', 'Teatro Novo': '18h51', 'Capelas - Rossio': '18h56', 'Santo António - Igreja': '19h02', 'Santo António - Moagem': '19h05'};WEEKDAY;{'pt': "Passagem em 'Capelas - Rossio' junto à escola", 'en': "Bus Stop in 'Capelas - Rossio' near the School", 'es': "Parada de autobús en 'Capelas - Rossio' cerca de la escuela", 'fr': "Arrêt de bus à 'Capelas - Rossio' près de l'école", 'de': "Bushaltestelle in 'Capelas - Rossio' in der Nähe der Schule"}
212-07h00;212;{'Grota do Morro': '07h00', 'Capelas - Rossio': '07h03', 'Capelas - Navio': '07h04', 'São Vicente - Igreja': '07h10', 'Fajã de Cima': '07h22', 'Ponta Delgada - Hospital': '07h31', 'Ponta Delgada': '07h42'};WEEKDAY;{'pt': "Passagem em 'Capelas - Rossio' junto à escola", 'en': "Bus Stop in 'Capelas - Rossio' near the School", 'es': "Parada de autobús en 'Capelas - Rossio' cerca de la escuela", 'fr': "Arrêt de bus à 'Capelas - Rossio' près de l'école", 'de': "Bushaltestelle in 'Capelas - Rossio' in der Nähe der Schule"}
212-08h55;212;{'Grota do Morro': '08h55', 'Capelas - Rossio': '08h58', 'Capelas - Navio': '08h59', 'São Vicente - Igreja': '09h05', 'Fajã de Cima': '09h17', 'Ponta Delgada - Hospital': '09h26', 'Ponta Delgada': '09h37'};WEEKDAY;{'pt': "Passagem em 'Capelas - Rossio' junto à escola", 'en': "Bus Stop in 'Capelas - Rossio' near the School", 'es': "Parada de autobús en 'Capelas - Rossio' cerca de la escuela", 'fr': "Arrêt de bus à 'Capelas - Rossio' près de l'école", 'de': "Bushaltestelle in 'Capelas - Rossio' in der Nähe der Schule"}
212-12h10;212;{'Santo António - Moagem': '12h10', 'Grota do Morro': '12h30', 'Capelas - Rossio': '12h33', 'Capelas - Navio': '12h34', 'São Vicente - Igreja': '12h40', 'Fajã de Cima': '12h52', 'Ponta Delgada - Hospital': '13h01', 'Ponta Delgada': '13h12'};WEEKDAY;{'pt': "Passagem em 'Capelas - Rossio' junto à escola", 'en': "Bus Stop in 'Capelas - Rossio' near the School", 'es': "Parada de autobús en 'Capelas - Rossio' cerca de la escuela", 'fr': "Arrêt de bus à 'Capelas - Rossio' près de l'école", 'de': "Bushaltestelle in 'Capelas - Rossio' in der Nähe der Schule"}
212-18h00;212;{'Grota do Morro': '18h00', 'Capelas - Rossio': '18h03', 'Capelas - Navio': '18h04', 'São Vicente - Igreja': '18h10', 'Fajã de Cima': '18h22', 'Ponta Delgada': '18h37'};WEEKDAY;{'pt': "Passagem em 'Capelas - Rossio' junto à escola", 'en': "Bus Stop in 'Capelas - Rossio' near the School", 'es': "Parada de autobús en 'Capelas - Rossio' cerca de la escuela", 'fr': "Arrêt de bus à 'Capelas - Rossio' près de l'école", 'de': "Bushaltestelle in 'Capelas - Rossio' in der Nähe der Schule"}
212-07h45;212;{'Ponta Delgada': '07h45', 'Fajã de Cima': '08h01', 'São Vicente - Igreja': '08h14', 'Capelas - Navio': '08h20', 'Capelas - Rossio': '08h21', 'Grota do Morro': '08h25'};WEEKDAY;{'pt': "Passagem em 'Capelas - Rossio' junto à escola", 'en': "Bus Stop in 'Capelas - Rossio' near the School", 'es': "Parada de autobús en 'Capelas - Rossio' cerca de la escuela", 'fr': "Arrêt de bus à 'Capelas - Rossio' près de l'école", 'de': "Bushaltestelle in 'Capelas - Rossio' in der Nähe der Schule"}
212-10h15;212;{'Ponta Delgada': '10h15', 'Fajã de Cima': '10h31', 'São Vicente - Igreja': '10h44', 'Capelas - Navio': '10h50', 'Capelas - Rossio': '10h51', 'Grota do Morro': '10h55', 'Santo António - Moagem': '11h01'};WEEKDAY;{'pt': "Passagem em 'Capelas - Rossio' junto à escola", 'en': "Bus Stop in 'Capelas - Rossio' near the School", 'es': "Parada de autobús en 'Capelas - Rossio' cerca de la escuela", 'fr': "Arrêt de bus à 'Capelas - Rossio' près de l'école", 'de': "Bushaltestelle in 'Capelas - Rossio' in der Nähe der Schule"}
212-15h30;212;{'Ponta Delgada': '15h30', 'Fajã de Cima': '15h46', 'São Vicente - Igreja': '15h59', 'Capelas - Navio': '16h05', 'Capelas - Rossio': '16h06', 'Grota do Morro': '16h10'};WEEKDAY;{'pt': "Passagem em 'Capelas - Rossio' junto à escola", 'en': "Bus Stop in 'Capelas - Rossio' near the School", 'es': "Parada de autobús en 'Capelas - Rossio' cerca de la escuela", 'fr': "Arrêt de bus à 'Capelas - Rossio' près de l'école", 'de': "Bushaltestelle in 'Capelas - Rossio' in der Nähe der Schule"}
212-18h00;212;{'Ponta Delgada': '18h00', 'Fajã de Cima': '18h16', 'São Vicente - Igreja': '18h29', 'Capelas - Navio': '18h35', 'Capelas - Rossio': '18h36', 'Grota do Morro': '18h10'};WEEKDAY;{'pt': "Passagem em 'Capelas - Rossio' junto à escola", 'en': "Bus Stop in 'Capelas - Rossio' near the School", 'es': "Parada de autobús en 'Capelas - Rossio' cerca de la escuela", 'fr': "Arrêt de bus à 'Capelas - Rossio' près de l'école", 'de': "Bushaltestelle in 'Capelas - Rossio' in der Nähe der Schule"}
212-19h05;212;{'Ponta Delgada': '19h05', 'Fajã de Cima': '19h21', 'São Vicente - Igreja': '19h34', 'Capelas - Navio': '19h40', 'Capelas - Rossio': '19h41', 'Grota do Morro': '19h45'};WEEKDAY;{'pt': "Passagem em 'Capelas - Rossio' junto à escola", 'en': "Bus Stop in 'Capelas - Rossio' near the School", 'es': "Parada de autobús en 'Capelas - Rossio' cerca de la escuela", 'fr': "Arrêt de bus à 'Capelas - Rossio' près de l'école", 'de': "Bushaltestelle in 'Capelas - Rossio' in der Nähe der Schule"}
211-08h10;211;{'Fenais da Luz - Bairro': '08h10', 'Fenais da Luz - Igreja': '08h11', 'São Vicente - Igreja': '08h14', 'São Vicente - Atafona': '08h16', 'Fajã de Cima': '08h27', 'Ponta Delgada': '08h45'};WEEKDAY;None
211-09h40;211;{'Fenais da Luz - Bairro': '09h40', 'Fenais da Luz - Igreja': '09h41', 'São Vicente - Igreja': '09h44', 'São Vicente - Atafona': '09h46', 'Fajã de Cima': '09h57', 'Ponta Delgada - Hospital': '10h05', 'Ponta Delgada': '10h15'};WEEKDAY;None
211-15h55;211;{'Fenais da Luz - Bairro': '15h55', 'Fenais da Luz - Igreja': '15h56', 'São Vicente - Igreja': '15h59', 'São Vicente - Atafona': '16h01', 'Fajã de Cima': '16h12', 'Ponta Delgada': '16h30'};WEEKDAY;None
211-07h30;211;{'Ponta Delgada': '07h30', 'Fajã de Cima': '07h48', 'São Vicente - Atafona': '07h59', 'São Vicente - Igreja': '08h01', 'Fenais da Luz - Bairro': '08h05'};WEEKDAY;None
211-12h00;211;{'Ponta Delgada': '12h00', 'Fajã de Cima': '12h18', 'São Vicente - Atafona': '12h29', 'São Vicente - Igreja': '12h31', 'Fenais da Luz - Bairro': '12h35'};WEEKDAY;None
211-13h45;211;{'Ponta Delgada': '13h45', 'Fajã de Cima': '14h03', 'São Vicente - Atafona': '14h14', 'São Vicente - Igreja': '14h16', 'Fenais da Luz - Bairro': '14h20'};WEEKDAY;None
211-17h00;211;{'Ponta Delgada': '17h00', 'Fajã de Cima': '17h18', 'São Vicente - Atafona': '17h29', 'São Vicente - Igreja': '17h31', 'Fenais da Luz - Bairro': '17h35'};WEEKDAY;None
210-06h50;210;{'Fenais da Luz - Bairro': '06h50', 'Fenais da Luz - Igreja': '06h51', 'Farropo': '06h55', 'Batalha': '07h00', 'Fajã de Cima': '07h07', 'Ponta Delgada': '07h25'};WEEKDAY;None
210-07h30;210;{'Fenais da Luz - Bairro': '07h30', 'Fenais da Luz - Igreja': '07h31', 'Farropo': '07h35', 'Batalha': '07h40', 'Fajã de Cima': '07h47', 'Ponta Delgada - Hospital': '07h56', 'Ponta Delgada': '08h10'};WEEKDAY;None
210-12h45;210;{'Fenais da Luz - Bairro': '12h45', 'Fenais da Luz - Igreja': '12h46', 'Farropo': '12h50', 'Batalha': '12h55', 'Fajã de Cima': '13h02', 'Ponta Delgada - Hospital': '13h11', 'Ponta Delgada': '13h25'};WEEKDAY;None
210-14h25;210;{'Fenais da Luz - Bairro': '14h25', 'Fenais da Luz - Igreja': '14h26', 'Farropo': '14h30', 'Batalha': '14h35', 'Fajã de Cima': '14h42', 'Ponta Delgada': '15h00'};WEEKDAY;None
210-17h45;210;{'Fenais da Luz - Bairro': '17h45', 'Fenais da Luz - Igreja': '17h46', 'Farropo': '17h50', 'Batalha': '17h55', 'Fajã de Cima': '18h02', 'Ponta Delgada': '18h20'};WEEKDAY;None
210-08h45;210;{'Ponta Delgada': '08h45', 'Fajã de Cima': '08h48', 'Batalha': '09h10', 'Farropo': '09h15', 'Fenais da Luz - Bairro': '09h20'};WEEKDAY;None
210-15h15;210;{'Ponta Delgada': '15h15', 'Fajã de Cima': '15h33', 'Batalha': '15h40', 'Farropo': '15h45', 'Fenais da Luz - Bairro': '15h50'};WEEKDAY;None
210-17h45;210;{'Ponta Delgada': '17h45', 'Ponta Delgada - Hospital': '17h57', 'Fajã de Cima': '18h06', 'Batalha': '18h13', 'Farropo': '18h18', 'Fenais da Luz - Bairro': '18h23'};WEEKDAY;None
210-18h50;210;{'Ponta Delgada': '18h50', 'Fajã de Cima': '19h08', 'Batalha': '19h15', 'Farropo': '19h20', 'Fenais da Luz - Bairro': '19h25'};WEEKDAY;None
216-08h15;216;{'Capelas - Rossio': '08h15', 'Capelas - Navio': '08h16', 'Fenais da Luz - Bairro': '08h26', 'Calhetas': '08h50'};WEEKDAY;{'pt': "Passagem em 'Capelas - Rossio' junto à escola", 'en': "Bus Stop in 'Capelas - Rossio' near the School", 'es': "Parada de autobús en 'Capelas - Rossio' cerca de la escuela", 'fr': "Arrêt de bus à 'Capelas - Rossio' près de l'école", 'de': "Bushaltestelle in 'Capelas - Rossio' in der Nähe der Schule"}
216-11h30;216;{'Capelas - Rossio': '11h30', 'Capelas - Navio': '11h31', 'Fenais da Luz - Bairro': '11h41', 'Calhetas': '12h05'};WEEKDAY;{'pt': "Passagem em 'Capelas - Rossio' junto à escola", 'en': "Bus Stop in 'Capelas - Rossio' near the School", 'es': "Parada de autobús en 'Capelas - Rossio' cerca de la escuela", 'fr': "Arrêt de bus à 'Capelas - Rossio' près de l'école", 'de': "Bushaltestelle in 'Capelas - Rossio' in der Nähe der Schule"}
216-17h15;216;{'Capelas - Rossio': '17h15', 'Capelas - Navio': '17h16', 'Fenais da Luz - Bairro': '17h26', 'Calhetas': '17h50'};WEEKDAY;{'pt': "Passagem em 'Capelas - Rossio' junto à escola", 'en': "Bus Stop in 'Capelas - Rossio' near the School", 'es': "Parada de autobús en 'Capelas - Rossio' cerca de la escuela", 'fr': "Arrêt de bus à 'Capelas - Rossio' près de l'école", 'de': "Bushaltestelle in 'Capelas - Rossio' in der Nähe der Schule"}
216-08h35;216;{'Calhetas': '08h35', 'Fenais da Luz - Bairro': '08h39', 'Capelas - Navio': '08h49', 'Capelas - Rossio': '08h50'};WEEKDAY;{'pt': "Passagem em 'Capelas - Rossio' junto à escola", 'en': "Bus Stop in 'Capelas - Rossio' near the School", 'es': "Parada de autobús en 'Capelas - Rossio' cerca de la escuela", 'fr': "Arrêt de bus à 'Capelas - Rossio' près de l'école", 'de': "Bushaltestelle in 'Capelas - Rossio' in der Nähe der Schule"}
216-11h50;216;{'Calhetas': '11h50', 'Fenais da Luz - Bairro': '11h54', 'Capelas - Navio': '12h04', 'Capelas - Rossio': '12h05'};WEEKDAY;{'pt': "Passagem em 'Capelas - Rossio' junto à escola", 'en': "Bus Stop in 'Capelas - Rossio' near the School", 'es': "Parada de autobús en 'Capelas - Rossio' cerca de la escuela", 'fr': "Arrêt de bus à 'Capelas - Rossio' près de l'école", 'de': "Bushaltestelle in 'Capelas - Rossio' in der Nähe der Schule"}
216-17h35;216;{'Calhetas': '17h35', 'Fenais da Luz - Bairro': '17h39', 'Capelas - Navio': '17h49', 'Capelas - Rossio': '17h50'};WEEKDAY;{'pt': "Passagem em 'Capelas - Rossio' junto à escola", 'en': "Bus Stop in 'Capelas - Rossio' near the School", 'es': "Parada de autobús en 'Capelas - Rossio' cerca de la escuela", 'fr': "Arrêt de bus à 'Capelas - Rossio' près de l'école", 'de': "Bushaltestelle in 'Capelas - Rossio' in der Nähe der Schule"}
215-21h50;215;{'Ponta Delgada': '21h50', 'Ponta Delgada - Hospital': '22h05', 'Fajã de Cima': '22h14', 'Farropo': '22h26', 'Fenais da Luz - Igreja': '22h30', 'São Vicente - Igreja': '22h37', 'São Vicente - Atafona': '22h40', 'Capelas - Navio': '22h43', 'Capelas - Rossio': '22h45', 'Santo António - Igreja': '22h51', 'Ramal Cruz': '22h55'};WEEKDAY;{'pt': 'Saída no Forte de São Brás', 'en': 'This service starts at Forte de São Brás', 'es': 'Este servicio comienza en Forte de São Brás', 'fr': 'Ce service commence à Forte de São Brás', 'de': 'Dieser Service beginnt bei Forte de São Brás'}
215-00h00;215;{'Ponta Delgada': '00h00', 'Ponta Delgada - Hospital': '00h15', 'Fajã de Cima': '00h24', 'Farropo': '00h36', 'Fenais da Luz - Igreja': '00h40', 'São Vicente - Igreja': '00h47', 'São Vicente - Atafona': '00h50', 'Capelas - Navio': '00h53', 'Capelas - Rossio': '00h55', 'Santo António - Igreja': '01h01', 'Ramal Cruz': '01h05'};WEEKDAY;{'pt': 'Saída no Forte de São Brás', 'en': 'This service starts at Forte de São Brás', 'es': 'Este servicio comienza en Forte de São Brás', 'fr': 'Ce service commence à Forte de São Brás', 'de': 'Dieser Service beginnt bei Forte de São Brás'}
215-21h50;215;{'Ponta Delgada': '21h50', 'Ponta Delgada - Hospital': '22h05', 'Fajã de Cima': '22h14', 'Farropo': '22h26', 'Fenais da Luz - Igreja': '22h30', 'São Vicente - Igreja': '22h37', 'São Vicente - Atafona': '22h40', 'Capelas - Navio': '22h43', 'Capelas - Rossio': '22h45', 'Santo António - Igreja': '22h51', 'Ramal Cruz': '22h55'};SATURDAY;{'pt': 'Saída no Forte de São Brás', 'en': 'This service starts at Forte de São Brás', 'es': 'Este servicio comienza en Forte de São Brás', 'fr': 'Ce service commence à Forte de São Brás', 'de': 'Dieser Service beginnt bei Forte de São Brás'}
215-00h00;215;{'Ponta Delgada': '00h00', 'Ponta Delgada - Hospital': '00h15', 'Fajã de Cima': '00h24', 'Farropo': '00h36', 'Fenais da Luz - Igreja': '00h40', 'São Vicente - Igreja': '00h47', 'São Vicente - Atafona': '00h50', 'Capelas - Navio': '00h53', 'Capelas - Rossio': '00h55', 'Santo António - Igreja': '01h01', 'Ramal Cruz': '01h05'};SATURDAY;{'pt': 'Saída no Forte de São Brás', 'en': 'This service starts at Forte de São Brás', 'es': 'Este servicio comienza en Forte de São Brás', 'fr': 'Ce service commence à Forte de São Brás', 'de': 'Dieser Service beginnt bei Forte de São Brás'}
215-21h50;215;{'Ponta Delgada': '21h50', 'Ponta Delgada - Hospital': '22h05', 'Fajã de Cima': '22h14', 'Farropo': '22h26', 'Fenais da Luz - Igreja': '22h30', 'São Vicente - Igreja': '22h37', 'São Vicente - Atafona': '22h40', 'Capelas - Navio': '22h43', 'Capelas - Rossio': '22h45', 'Santo António - Igreja': '22h51', 'Ramal Cruz': '22h55'};SUNDAY;None
215-00h00;215;{'Ponta Delgada': '00h00', 'Ponta Delgada - Hospital': '00h15', 'Fajã de Cima': '00h24', 'Farropo': '00h36', 'Fenais da Luz - Igreja': '00h40', 'São Vicente - Igreja': '00h47', 'São Vicente - Atafona': '00h50', 'Capelas - Navio': '00h53', 'Capelas - Rossio': '00h55', 'Santo António - Igreja': '01h01', 'Ramal Cruz': '01h05'};SUNDAY;None
215-22h50;215;{'Ramal Cruz': '22h50', 'Santo António - Igreja': '22h54', 'Capelas - Rossio': '22h55', 'Capelas - Navio': '22h57', 'São Vicente - Atafona': '22h59', 'São Vicente - Igreja': '23h01', 'Fenais da Luz - Igreja': '23h08', 'Fajã de Cima': '23h24', 'Ponta Delgada - Hospital': '23h33', 'Ponta Delgada': '23h50'};WEEKDAY;None
215-22h50;215;{'Ramal Cruz': '22h50', 'Santo António - Igreja': '22h54', 'Capelas - Rossio': '22h55', 'Capelas - Navio': '22h57', 'São Vicente - Atafona': '22h59', 'São Vicente - Igreja': '23h01', 'Fenais da Luz - Igreja': '23h08', 'Fajã de Cima': '23h24', 'Ponta Delgada - Hospital': '23h33', 'Ponta Delgada': '23h50'};SATURDAY;None
215-22h50;215;{'Ramal Cruz': '22h50', 'Santo António - Igreja': '22h54', 'Capelas - Rossio': '22h55', 'Capelas - Navio': '22h57', 'São Vicente - Atafona': '22h59', 'São Vicente - Igreja': '23h01', 'Fenais da Luz - Igreja': '23h08', 'Fajã de Cima': '23h24', 'Ponta Delgada - Hospital': '23h33', 'Ponta Delgada': '23h50'};SUNDAY;None
205-07h00;205;{'Sete Cidades - Ponte': '07h00', 'Sete Cidades - Igreja': '07h05', 'Varzea': '07h15', 'Ginetes - Igreja': '07h20', 'Candelária - Socorro': '07h25', 'Candelária - Centro': '07h33', 'Feteiras - Biscoito': '07h35', 'Feteiras - Igreja': '07h38', 'Relva - Canto da Pia': '07h53', 'Ponta Delgada - Ramalho': '07h56', 'Ponta Delgada': '08h05'};WEEKDAY;None
205-09h30;205;{'Sete Cidades - Ponte': '09h30', 'Sete Cidades - Igreja': '09h35', 'Varzea': '09h45', 'Ginetes - Igreja': '09h50', 'Candelária - Socorro': '09h55', 'Candelária - Centro': '10h03', 'Feteiras - Biscoito': '10h05', 'Feteiras - Igreja': '10h08', 'Relva - Canto da Pia': '10h23', 'Ponta Delgada - Ramalho': '10h26', 'Ponta Delgada': '10h35'};WEEKDAY;None
205-12h00d;205;{'Sete Cidades - Ponte': '12h00d', 'Sete Cidades - Igreja': '12h05d', 'Mosteiros - Ramal': '12h15d'};WEEKDAY;None
205-08h25;205;{'Ponta Delgada': '08h25', 'Av Principe Mónaco': '08h30', 'Ponta Delgada - Ramalho': '08h32', 'Relva - Canto da Pia': '08h37', 'Feteiras - Igreja': '08h52', 'Feteiras - Biscoito': '08h55', 'Candelária - Centro': '09h00', 'Candelária - Socorro': '09h05', 'Ginetes - Igreja': '09h10', 'Varzea': '09h15', 'Sete Cidades - Igreja': '09h25', 'Sete Cidades - Ponte': '09h30'};WEEKDAY;None
205-07h00;205;{'Sete Cidades - Ponte': '07h00', 'Sete Cidades - Igreja': '07h05', 'Lomba do Vasco': '07h10', 'Varzea': '07h15'};SATURDAY;None
206-07h50;206;{'Ponta Delgada': '07h50', 'Av Principe Mónaco': '07h55', 'Ponta Delgada - Ramalho': '07h57', 'Relva - Canto da Pia': '08h02', 'Feteiras - Igreja': '08h17', 'Feteiras - Biscoito': '08h20', 'Candelária - Centro': '08h25', 'Candelária - Socorro': '08h30', 'Ginetes - Igreja': '08h35', 'Varzea': '08h40', 'Mosteiros - Ramal': '08h45', 'Mosteiros - Igreja': '08h50', 'Mosteiros - Banda de Além': '08h55'};WEEKDAY;None
206-10h40;206;{'Ponta Delgada': '10h40', 'Av Principe Mónaco': '10h45', 'Ponta Delgada - Ramalho': '10h47', 'Relva - Canto da Pia': '10h52', 'Feteiras - Igreja': '11h07', 'Feteiras - Biscoito': '11h10', 'Candelária - Centro': '11h15', 'Candelária - Socorro': '11h20', 'Ginetes - Igreja': '11h25', 'Varzea': '11h30', 'Mosteiros - Ramal': '11h35', 'Mosteiros - Igreja': '11h40', 'Mosteiros - Banda de Além': '11h45'};WEEKDAY;None
206-12h45;206;{'Ponta Delgada': '12h45', 'Av Principe Mónaco': '12h50', 'Ponta Delgada - Ramalho': '12h52', 'Relva - Canto da Pia': '12h57', 'Feteiras - Igreja': '13h12', 'Feteiras - Biscoito': '13h15', 'Candelária - Centro': '13h20', 'Candelária - Socorro': '13h25', 'Ginetes - Igreja': '13h30', 'Varzea': '13h35', 'Mosteiros - Ramal': '13h40', 'Mosteiros - Igreja': '13h45', 'Mosteiros - Banda de Além': '13h50'};WEEKDAY;None
206-15h00;206;{'Ponta Delgada': '15h00', 'Ponta Delgada - Hospital': '14h45', 'Av Principe Mónaco': '15h05', 'Ponta Delgada - Ramalho': '15h07', 'Relva - Canto da Pia': '15h12', 'Feteiras - Igreja': '15h27', 'Feteiras - Biscoito': '15h30', 'Candelária - Centro': '15h35', 'Candelária - Socorro': '15h40', 'Ginetes - Igreja': '15h45', 'Varzea': '15h50', 'Mosteiros - Ramal': '15h55', 'Mosteiros - Igreja': '16h00', 'Mosteiros - Banda de Além': '16h05'};WEEKDAY;None
206-16h30;206;{'Ponta Delgada': '16h30', 'Av Principe Mónaco': '16h35', 'Ponta Delgada - Ramalho': '16h37', 'Relva - Canto da Pia': '16h42', 'Feteiras - Igreja': '16h57', 'Feteiras - Biscoito': '17h00', 'Candelária - Centro': '17h05', 'Candelária - Socorro': '17h10', 'Ginetes - Igreja': '17h15', 'Varzea': '17h20', 'Mosteiros - Ramal': '17h25', 'Mosteiros - Igreja': '17h30', 'Mosteiros - Banda de Além': '17h35'};WEEKDAY;None
206-17h30;206;{'Ponta Delgada': '17h30', 'Av Principe Mónaco': '17h35', 'Ponta Delgada - Ramalho': '17h37', 'Relva - Canto da Pia': '17h42', 'Feteiras - Igreja': '17h57', 'Feteiras - Biscoito': '18h00', 'Candelária - Centro': '18h05', 'Candelária - Socorro': '18h10', 'Ginetes - Igreja': '18h15', 'Varzea': '18h20', 'Mosteiros - Ramal': '18h25', 'Mosteiros - Igreja': '18h30', 'Mosteiros - Banda de Além': '18h35'};WEEKDAY;None
206-18h50;206;{'Ponta Delgada': '18h50', 'Av Principe Mónaco': '18h55', 'Ponta Delgada - Ramalho': '18h57', 'Relva - Canto da Pia': '19h02', 'Feteiras - Igreja': '19h17', 'Feteiras - Biscoito': '19h20', 'Candelária - Centro': '19h25', 'Candelária - Socorro': '19h30', 'Ginetes - Igreja': '19h35', 'Varzea': '19h40', 'Mosteiros - Ramal': '19h45', 'Mosteiros - Igreja': '19h50', 'Mosteiros - Banda de Além': '19h55'};WEEKDAY;None
206-06h15;206;{'Mosteiros - Banda de Além': '06h15', 'Mosteiros - Igreja': '06h20', 'Mosteiros - Ramal': '06h25', 'Varzea': '06h30', 'Ginetes - Igreja': '06h35', 'Candelária - Socorro': '06h40', 'Candelária - Centro': '06h48', 'Feteiras - Biscoito': '06h50', 'Feteiras - Igreja': '06h53', 'Relva - Canto da Pia': '07h08', 'Ponta Delgada - Ramalho': '07h11', 'Ponta Delgada - Hospital': '07h30', 'Ponta Delgada': '07h20'};WEEKDAY;None
206-07h05;206;{'Mosteiros - Banda de Além': '07h05', 'Mosteiros - Igreja': '07h10', 'Mosteiros - Ramal': '07h15', 'Varzea': '07h20', 'Ginetes - Igreja': '07h25', 'Candelária - Socorro': '07h30', 'Candelária - Centro': '07h38', 'Feteiras - Biscoito': '07h40', 'Feteiras - Igreja': '07h43', 'Relva - Canto da Pia': '07h58', 'Ponta Delgada - Ramalho': '08h01', 'Ponta Delgada - Hospital': '08h20', 'Ponta Delgada': '08h10'};WEEKDAY;None
206-09h05;206;{'Mosteiros - Banda de Além': '09h05', 'Mosteiros - Igreja': '09h10', 'Mosteiros - Ramal': '09h15', 'Varzea': '09h20', 'Ginetes - Igreja': '09h25', 'Candelária - Socorro': '09h30', 'Candelária - Centro': '09h38', 'Feteiras - Biscoito': '09h40', 'Feteiras - Igreja': '09h43', 'Relva - Canto da Pia': '09h58', 'Ponta Delgada - Ramalho': '10h01', 'Ponta Delgada': '10h10'};WEEKDAY;None
206-12h05;206;{'Mosteiros - Banda de Além': '12h05', 'Mosteiros - Igreja': '12h10', 'Mosteiros - Ramal': '12h15', 'Varzea': '12h20', 'Ginetes - Igreja': '12h25', 'Candelária - Socorro': '12h30', 'Candelária - Centro': '12h38', 'Feteiras - Biscoito': '12h40', 'Feteiras - Igreja': '12h43', 'Relva - Canto da Pia': '12h58', 'Ponta Delgada - Ramalho': '13h01', 'Ponta Delgada - Hospital': '13h20', 'Ponta Delgada': '13h10'};WEEKDAY;None
206-14h45;206;{'Mosteiros - Banda de Além': '14h45', 'Mosteiros - Igreja': '14h50', 'Mosteiros - Ramal': '14h55', 'Varzea': '15h00', 'Ginetes - Igreja': '15h05', 'Candelária - Socorro': '15h10', 'Candelária - Centro': '15h18', 'Feteiras - Biscoito': '15h20', 'Feteiras - Igreja': '15h23', 'Relva - Canto da Pia': '15h38', 'Ponta Delgada - Ramalho': '15h41', 'Ponta Delgada': '15h50'};WEEKDAY;None
206-16h35;206;{'Mosteiros - Banda de Além': '16h35', 'Mosteiros - Igreja': '16h40', 'Mosteiros - Ramal': '16h45', 'Varzea': '16h55', 'Ginetes - Igreja': '17h00', 'Candelária - Socorro': '17h10', 'Candelária - Centro': '17h18', 'Feteiras - Biscoito': '17h20', 'Feteiras - Igreja': '17h25', 'Relva - Canto da Pia': '17h40', 'Ponta Delgada - Ramalho': '17h45', 'Ponta Delgada': '17h55'};WEEKDAY;None
206-06h15;206;{'Mosteiros - Banda de Além': '06h15', 'Mosteiros - Igreja': '06h20', 'Mosteiros - Ramal': '06h25', 'Varzea': '06h30', 'Ginetes - Igreja': '06h35', 'Candelária - Socorro': '06h40', 'Candelária - Centro': '06h45', 'Feteiras - Biscoito': '06h50', 'Feteiras - Igreja': '06h53', 'Relva - Igreja': '07h08', 'Relva - Canto da Pia': '07h13', 'Ponta Delgada - Ramalho': '07h16', 'Ponta Delgada - Hospital': '07h35', 'Ponta Delgada': '07h23'};SATURDAY;None
206-07h05;206;{'Mosteiros - Banda de Além': '07h05', 'Mosteiros - Igreja': '07h10', 'Mosteiros - Ramal': '07h15', 'Varzea': '07h20', 'Ginetes - Igreja': '07h25', 'Candelária - Socorro': '07h30', 'Candelária - Centro': '07h35', 'Feteiras - Biscoito': '07h40', 'Feteiras - Igreja': '07h43', 'Relva - Canto da Pia': '07h58', 'Ponta Delgada - Ramalho': '08h01', 'Ponta Delgada - Hospital': '08h20', 'Ponta Delgada': '08h08'};SATURDAY;None
206-09h05;206;{'Mosteiros - Banda de Além': '09h05', 'Mosteiros - Igreja': '09h10', 'Mosteiros - Ramal': '09h20', 'Varzea': '09h20', 'Ginetes - Igreja': '09h25', 'Candelária - Socorro': '09h30', 'Candelária - Centro': '09h35', 'Feteiras - Biscoito': '09h40', 'Feteiras - Igreja': '09h43', 'Relva - Canto da Pia': '09h58', 'Ponta Delgada - Ramalho': '10h01', 'Ponta Delgada': '10h08'};SATURDAY;None
206-14h45;206;{'Mosteiros - Banda de Além': '14h45', 'Mosteiros - Igreja': '14h50', 'Mosteiros - Ramal': '14h55', 'Varzea': '15h00', 'Ginetes - Igreja': '15h05', 'Candelária - Socorro': '15h10', 'Candelária - Centro': '15h15', 'Feteiras - Biscoito': '15h20', 'Feteiras - Igreja': '15h43', 'Relva - Igreja': '15h38', 'Relva - Canto da Pia': '15h41', 'Ponta Delgada - Ramalho': '15h44', 'Ponta Delgada': '15h51'};SATURDAY;None
206-16h35;206;{'Mosteiros - Banda de Além': '16h35', 'Mosteiros - Igreja': '16h40', 'Mosteiros - Ramal': '16h45', 'Varzea': '16h50', 'Ginetes - Igreja': '16h55', 'Candelária - Socorro': '17h00', 'Candelária - Centro': '17h05', 'Feteiras - Biscoito': '17h20', 'Feteiras - Igreja': '17h25', 'Relva - Canto da Pia': '17h40', 'Ponta Delgada - Ramalho': '17h45', 'Ponta Delgada': '17h53'};SATURDAY;None
206-07h00;206;{'Mosteiros - Banda de Além': '07h00', 'Mosteiros - Igreja': '07h05', 'Mosteiros - Ramal': '07h10', 'Varzea': '07h15', 'Ginetes - Igreja': '07h20', 'Candelária - Socorro': '07h25', 'Candelária - Centro': '07h30', 'Feteiras - Biscoito': '07h35', 'Feteiras - Igreja': '07h38', 'Relva - Igreja': '07h53', 'Relva - Canto da Pia': '07h58', 'Ponta Delgada - Ramalho': '08h01', 'Ponta Delgada': '08h08', 'Ponta Delgada - Hospital': '08h20'};SUNDAY;None
206-11h00;206;{'Mosteiros - Banda de Além': '11h00', 'Mosteiros - Igreja': '11h05', 'Mosteiros - Ramal': '11h10', 'Varzea': '11h15', 'Ginetes - Igreja': '11h20', 'Candelária - Socorro': '11h25', 'Candelária - Centro': '11h30', 'Feteiras - Biscoito': '11h35', 'Feteiras - Igreja': '11h38', 'Relva - Igreja': '11h53', 'Relva - Canto da Pia': '11h58', 'Ponta Delgada - Ramalho': '12h01', 'Ponta Delgada': '12h08', 'Ponta Delgada - Hospital': '12h20'};SUNDAY;None
206-15h00;206;{'Mosteiros - Banda de Além': '15h00', 'Mosteiros - Igreja': '15h05', 'Mosteiros - Ramal': '15h10', 'Varzea': '15h15', 'Ginetes - Igreja': '15h20', 'Candelária - Socorro': '15h25', 'Candelária - Centro': '15h30', 'Feteiras - Biscoito': '15h35', 'Feteiras - Igreja': '15h38', 'Relva - Igreja': '15h53', 'Relva - Canto da Pia': '15h58', 'Ponta Delgada - Ramalho': '16h01', 'Ponta Delgada': '16h08', 'Ponta Delgada - Hospital': '16h20'};SUNDAY;None
206-18h15;206;{'Mosteiros - Banda de Além': '18h15', 'Mosteiros - Igreja': '18h20', 'Mosteiros - Ramal': '18h25', 'Varzea': '18h30', 'Ginetes - Igreja': '18h35', 'Candelária - Socorro': '18h40', 'Candelária - Centro': '18h45', 'Feteiras - Biscoito': '18h50', 'Feteiras - Igreja': '18h53', 'Relva - Igreja': '19h08', 'Relva - Canto da Pia': '19h13', 'Ponta Delgada - Ramalho': '19h16', 'Ponta Delgada': '19h23', 'Ponta Delgada - Hospital': '19h35'};SUNDAY;None
206-07h50;206;{'Ponta Delgada': '07h50', 'Av Principe Mónaco': '07h55', 'Ponta Delgada - Ramalho': '07h57', 'Relva - Canto da Pia': '08h02', 'Feteiras - Igreja': '08h17', 'Feteiras - Biscoito': '08h20', 'Candelária - Centro': '08h25', 'Candelária - Socorro': '08h30', 'Ginetes - Igreja': '08h35', 'Varzea': '08h40', 'Mosteiros - Ramal': '08h45', 'Mosteiros - Igreja': '08h50', 'Mosteiros - Banda de Além': '08h55'};SATURDAY;None
206-13h15;206;{'Ponta Delgada': '13h15', 'Av Principe Mónaco': '13h20', 'Ponta Delgada - Ramalho': '13h22', 'Relva - Canto da Pia': '13h27', 'Relva - Igreja': '13h30', 'Feteiras - Igreja': '13h45', 'Feteiras - Biscoito': '13h48', 'Candelária - Centro': '13h53', 'Candelária - Socorro': '13h58', 'Ginetes - Igreja': '14h03', 'Varzea': '14h08', 'Mosteiros - Ramal': '14h13', 'Mosteiros - Igreja': '14h18', 'Mosteiros - Banda de Além': '14h23'};SATURDAY;None
206-15h00;206;{'Ponta Delgada': '15h00', 'Ponta Delgada - Hospital': '14h45', 'Av Principe Mónaco': '15h05', 'Ponta Delgada - Ramalho': '15h07', 'Relva - Canto da Pia': '15h12', 'Relva - Igreja': '15h15', 'Feteiras - Igreja': '15h30', 'Feteiras - Biscoito': '15h33', 'Candelária - Centro': '15h38', 'Candelária - Socorro': '15h43', 'Ginetes - Igreja': '15h48', 'Varzea': '15h53', 'Mosteiros - Ramal': '15h58', 'Mosteiros - Igreja': '16h03', 'Mosteiros - Banda de Além': '16h08'};SATURDAY;None
206-17h30;206;{'Ponta Delgada': '17h30', 'Av Principe Mónaco': '17h35', 'Ponta Delgada - Ramalho': '17h37', 'Relva - Canto da Pia': '17h42', 'Feteiras - Igreja': '17h57', 'Feteiras - Biscoito': '18h00', 'Candelária - Centro': '18h05', 'Candelária - Socorro': '18h10', 'Ginetes - Igreja': '18h15', 'Varzea': '18h20', 'Mosteiros - Ramal': '18h25', 'Mosteiros - Igreja': '18h30', 'Mosteiros - Banda de Além': '18h35'};SATURDAY;None
206-19h00;206;{'Ponta Delgada': '19h00', 'Av Principe Mónaco': '19h05', 'Ponta Delgada - Ramalho': '19h07', 'Relva - Canto da Pia': '19h12', 'Feteiras - Igreja': '19h27', 'Feteiras - Biscoito': '19h30', 'Candelária - Centro': '19h35', 'Candelária - Socorro': '19h40', 'Ginetes - Igreja': '19h45', 'Varzea': '19h50', 'Mosteiros - Ramal': '19h55', 'Mosteiros - Igreja': '20h00', 'Mosteiros - Banda de Além': '20h05'};SATURDAY;None
206-08h45;206;{'Ponta Delgada - Hospital': '08h45', 'Ponta Delgada': '09h00', 'Av Principe Mónaco': '09h05', 'Ponta Delgada - Ramalho': '09h07', 'Relva - Canto da Pia': '09h12', 'Relva - Igreja': '09h15', 'Feteiras - Igreja': '09h30', 'Feteiras - Biscoito': '09h33', 'Candelária - Centro': '09h38', 'Candelária - Socorro': '09h43', 'Ginetes - Igreja': '09h48', 'Varzea': '09h53', 'Mosteiros - Ramal': '09h58', 'Mosteiros - Igreja': '10h03', 'Mosteiros - Banda de Além': '10h08'};SUNDAY;None
206-12h15;206;{'Ponta Delgada - Hospital': '12h15', 'Ponta Delgada': '12h30', 'Av Principe Mónaco': '12h35', 'Ponta Delgada - Ramalho': '12h37', 'Relva - Canto da Pia': '12h42', 'Relva - Igreja': '12h45', 'Feteiras - Igreja': '13h00', 'Feteiras - Biscoito': '13h03', 'Candelária - Centro': '13h08', 'Candelária - Socorro': '13h13', 'Ginetes - Igreja': '13h18', 'Varzea': '13h23', 'Mosteiros - Ramal': '13h28', 'Mosteiros - Igreja': '13h33', 'Mosteiros - Banda de Além': '13h38'};SUNDAY;None
206-16h25;206;{'Ponta Delgada - Hospital': '16h25', 'Ponta Delgada': '16h40', 'Av Principe Mónaco': '16h45', 'Ponta Delgada - Ramalho': '16h47', 'Relva - Canto da Pia': '16h52', 'Relva - Igreja': '16h55', 'Feteiras - Igreja': '17h10', 'Feteiras - Biscoito': '17h13', 'Candelária - Centro': '17h18', 'Candelária - Socorro': '17h23', 'Ginetes - Igreja': '17h28', 'Varzea': '17h33', 'Mosteiros - Ramal': '17h38', 'Mosteiros - Igreja': '17h43', 'Mosteiros - Banda de Além': '17h48'};SUNDAY;None
206-19h35;206;{'Ponta Delgada - Hospital': '19h35', 'Ponta Delgada': '19h45', 'Av Principe Mónaco': '19h50', 'Ponta Delgada - Ramalho': '19h52', 'Relva - Canto da Pia': '19h57', 'Relva - Igreja': '20h00', 'Feteiras - Igreja': '20h15', 'Feteiras - Biscoito': '20h18', 'Candelária - Centro': '20h23', 'Candelária - Socorro': '20h28', 'Ginetes - Igreja': '20h33', 'Varzea': '20h38', 'Mosteiros - Ramal': '20h43', 'Mosteiros - Igreja': '20h48', 'Mosteiros - Banda de Além': '20h53'};SUNDAY;None
202-08h50;202;{'Covoada - Encruzilhada': '08h50', 'Relva - Canto da Pia': '08h58', 'Ponta Delgada - Ramalho': '09h01', 'Ponta Delgada': '09h08'};SATURDAY;None
202-11h30;202;{'Ponta Delgada': '11h30', 'Av Principe Mónaco': '11h35', 'Ponta Delgada - Ramalho': '11h37', 'Relva - Canto da Pia': '11h42', 'Covoada - Encruzilhada': '11h53'};SATURDAY;None
202-08h25;202;{'Ponta Delgada': '08h25', 'Av Principe Mónaco': '08h30', 'Ponta Delgada - Ramalho': '08h32', 'Relva - Canto da Pia': '08h37', 'Covoada - Encruzilhada': '08h45'};WEEKDAY;None
202-11h30;202;{'Ponta Delgada': '11h30', 'Av Principe Mónaco': '11h35', 'Ponta Delgada - Ramalho': '11h37', 'Relva - Canto da Pia': '11h42', 'Covoada - Encruzilhada': '11h50'};WEEKDAY;None
202-15h45;202;{'Ponta Delgada': '15h45', 'Av Principe Mónaco': '15h50', 'Ponta Delgada - Ramalho': '15h52', 'Relva - Canto da Pia': '15h57', 'Covoada - Encruzilhada': '16h05'};WEEKDAY;None
202-18h10;202;{'Ponta Delgada': '18h10', 'Av Principe Mónaco': '18h15', 'Ponta Delgada - Ramalho': '18h17', 'Relva - Canto da Pia': '18h22', 'Covoada - Encruzilhada': '18h30'};WEEKDAY;None
202-07h00;202;{'Covoada - Encruzilhada': '07h00', 'Relva - Canto da Pia': '07h08', 'Ponta Delgada - Ramalho': '07h11', 'Ponta Delgada': '07h20'};WEEKDAY;None
202-08h00;202;{'Covoada - Encruzilhada': '08h00', 'Relva - Canto da Pia': '08h08', 'Ponta Delgada - Ramalho': '08h11', 'Ponta Delgada': '08h20'};WEEKDAY;None
202-08h50;202;{'Covoada - Encruzilhada': '08h50', 'Relva - Canto da Pia': '08h58', 'Ponta Delgada - Ramalho': '09h01', 'Ponta Delgada': '09h10'};WEEKDAY;None
202-13h00;202;{'Covoada - Encruzilhada': '13h00', 'Relva - Canto da Pia': '13h08', 'Ponta Delgada - Ramalho': '13h11', 'Ponta Delgada': '13h20'};WEEKDAY;None
200-08h10;200;{'Ponta Delgada': '08h10', 'Av Principe Mónaco': '08h15', 'Ponta Delgada - Ramalho': '08h17', 'Relva - Canto da Pia': '08h22', 'Relva - Igreja': '08h30'};WEEKDAY;None
200-09h10;200;{'Ponta Delgada': '09h10', 'Av Principe Mónaco': '09h15', 'Ponta Delgada - Ramalho': '09h17', 'Relva - Canto da Pia': '09h22', 'Relva - Igreja': '09h30'};WEEKDAY;None
200-10h10;200;{'Ponta Delgada': '10h10', 'Av Principe Mónaco': '15h15', 'Ponta Delgada - Ramalho': '17h17', 'Relva - Canto da Pia': '22h22', 'Relva - Igreja': '30h30'};WEEKDAY;None
200-11h10;200;{'Ponta Delgada': '11h10', 'Av Principe Mónaco': '11h15', 'Ponta Delgada - Ramalho': '11h17', 'Relva - Canto da Pia': '11h22', 'Relva - Igreja': '11h30'};WEEKDAY;None
200-12h10;200;{'Ponta Delgada': '12h10', 'Av Principe Mónaco': '12h15', 'Ponta Delgada - Ramalho': '12h17', 'Relva - Canto da Pia': '12h22', 'Relva - Igreja': '12h30'};WEEKDAY;None
200-14h10;200;{'Ponta Delgada': '14h10', 'Av Principe Mónaco': '14h15', 'Ponta Delgada - Ramalho': '14h17', 'Relva - Canto da Pia': '14h22', 'Relva - Igreja': '14h30'};WEEKDAY;None
200-17h10;200;{'Ponta Delgada': '17h10', 'Av Principe Mónaco': '17h15', 'Ponta Delgada - Ramalho': '17h17', 'Relva - Canto da Pia': '17h22', 'Relva - Igreja': '17h30'};WEEKDAY;None
200-18h10;200;{'Ponta Delgada': '18h10', 'Av Principe Mónaco': '18h15', 'Ponta Delgada - Ramalho': '18h17', 'Relva - Canto da Pia': '18h22', 'Relva - Igreja': '18h30'};WEEKDAY;None
200-19h10;200;{'Ponta Delgada': '19h10', 'Av Principe Mónaco': '19h15', 'Ponta Delgada - Ramalho': '19h17', 'Relva - Canto da Pia': '19h22', 'Relva - Igreja': '19h30'};WEEKDAY;None
200-20h10;200;{'Ponta Delgada': '20h10', 'Av Principe Mónaco': '20h15', 'Ponta Delgada - Ramalho': '20h17', 'Relva - Canto da Pia': '20h22', 'Relva - Igreja': '20h30'};WEEKDAY;None
200-07h00;200;{'Relva - Igreja': '07h00', 'Relva - Canto da Pia': '07h05', 'Ponta Delgada - Ramalho': '07h10', 'Ponta Delgada': '07h20'};WEEKDAY;None
200-08h35;200;{'Relva - Igreja': '08h35', 'Relva - Canto da Pia': '08h40', 'Ponta Delgada - Ramalho': '08h45', 'Ponta Delgada': '08h55'};WEEKDAY;None
200-09h35;200;{'Relva - Igreja': '09h35', 'Relva - Canto da Pia': '09h40', 'Ponta Delgada - Ramalho': '09h45', 'Ponta Delgada': '09h55'};WEEKDAY;None
200-10h35;200;{'Relva - Igreja': '10h35', 'Relva - Canto da Pia': '10h40', 'Ponta Delgada - Ramalho': '10h45', 'Ponta Delgada': '10h55'};WEEKDAY;None
200-11h35;200;{'Relva - Igreja': '11h35', 'Relva - Canto da Pia': '11h40', 'Ponta Delgada - Ramalho': '11h45', 'Ponta Delgada': '11h55'};WEEKDAY;None
200-12h35;200;{'Relva - Igreja': '12h35', 'Relva - Canto da Pia': '12h40', 'Ponta Delgada - Ramalho': '12h45', 'Ponta Delgada': '12h55'};WEEKDAY;None
200-13h35;200;{'Relva - Igreja': '13h35', 'Relva - Canto da Pia': '13h40', 'Ponta Delgada - Ramalho': '13h45', 'Ponta Delgada': '13h55'};WEEKDAY;None
200-14h35;200;{'Relva - Igreja': '14h35', 'Relva - Canto da Pia': '14h40', 'Ponta Delgada - Ramalho': '14h45', 'Ponta Delgada': '14h55'};WEEKDAY;None
200-16h35;200;{'Relva - Igreja': '16h35', 'Relva - Canto da Pia': '16h40', 'Ponta Delgada - Ramalho': '16h45', 'Ponta Delgada': '16h55'};WEEKDAY;None
200-17h35;200;{'Relva - Igreja': '17h35', 'Relva - Canto da Pia': '17h40', 'Ponta Delgada - Ramalho': '17h45', 'Ponta Delgada': '17h55'};WEEKDAY;None
200-18h35;200;{'Relva - Igreja': '18h35', 'Relva - Canto da Pia': '18h40', 'Ponta Delgada - Ramalho': '18h45', 'Ponta Delgada': '18h55'};WEEKDAY;None
200-19h35;200;{'Relva - Igreja': '19h35', 'Relva - Canto da Pia': '19h40', 'Ponta Delgada - Ramalho': '19h45', 'Ponta Delgada': '19h55'};WEEKDAY;None
200-07h45;200;{'Relva - Igreja': '07h45', 'Relva - Canto da Pia': '07h50', 'Ponta Delgada - Ramalho': '07h55', 'Ponta Delgada': '08h03'};SATURDAY;None
200-08h35;200;{'Relva - Igreja': '08h35', 'Relva - Canto da Pia': '08h40', 'Ponta Delgada - Ramalho': '08h45', 'Ponta Delgada': '08h53'};SATURDAY;None
200-09h35;200;{'Relva - Igreja': '09h35', 'Relva - Canto da Pia': '09h40', 'Ponta Delgada - Ramalho': '09h45', 'Ponta Delgada': '09h53'};SATURDAY;None
200-10h35;200;{'Relva - Igreja': '10h35', 'Relva - Canto da Pia': '10h40', 'Ponta Delgada - Ramalho': '10h45', 'Ponta Delgada': '10h53'};SATURDAY;None
200-12h35;200;{'Relva - Igreja': '12h35', 'Relva - Canto da Pia': '12h42', 'Ponta Delgada - Ramalho': '12h46', 'Ponta Delgada': '12h53'};SATURDAY;None
200-08h10;200;{'Ponta Delgada': '08h10', 'Av Principe Mónaco': '08h15', 'Ponta Delgada - Ramalho': '08h17', 'Relva - Igreja': '08h30'};SATURDAY;None
200-09h10;200;{'Ponta Delgada': '09h10', 'Av Principe Mónaco': '09h15', 'Ponta Delgada - Ramalho': '09h17', 'Relva - Igreja': '09h30'};SATURDAY;None
200-10h10;200;{'Ponta Delgada': '10h10', 'Av Principe Mónaco': '10h15', 'Ponta Delgada - Ramalho': '10h17', 'Relva - Igreja': '10h30'};SATURDAY;None
200-12h10;200;{'Ponta Delgada': '12h10', 'Av Principe Mónaco': '12h15', 'Ponta Delgada - Ramalho': '12h17', 'Relva - Igreja': '12h30'};SATURDAY;None
201-13h10;201;{'Ponta Delgada': '13h10', 'Av Principe Mónaco': '13h15', 'Ponta Delgada - Ramalho': '13h17', 'Relva - Canto da Pia': '13h22', 'Relva - Igreja': '13h30'};WEEKDAY;None
201-16h10;201;{'Ponta Delgada': '16h10', 'Av Principe Mónaco': '16h15', 'Ponta Delgada - Ramalho': '16h17', 'Relva - Canto da Pia': '16h22', 'Relva - Igreja': '16h30'};WEEKDAY;None
201-16h40;201;{'Ponta Delgada': '16h40', 'Av Principe Mónaco': '16h45', 'Ponta Delgada - Ramalho': '16h47', 'Relva - Canto da Pia': '16h52', 'Relva - Igreja': '17h00'};WEEKDAY;None
201-07h45;201;{'Relva - Igreja': '07h45', 'Relva - Canto da Pia': '07h50', 'Ponta Delgada - Ramalho': '07h56', 'Ponta Delgada': '08h05'};WEEKDAY;None
203-17h30;203;{'Ponta Delgada': '17h30', 'Av Principe Mónaco': '17h35', 'Ponta Delgada - Ramalho': '17h37', 'Relva - Canto da Pia': '17h42', 'Feteiras - Igreja': '17h57', 'Feteiras - Biscoito': '18h00'};WEEKDAY;None
203-08h10;203;{'Feteiras - Biscoito': '08h10', 'Feteiras - Igreja': '08h13', 'Relva - Canto da Pia': '08h28', 'Ponta Delgada - Ramalho': '08h31', 'Ponta Delgada': '08h40'};WEEKDAY;None
204-06h10;204;{'Candelária - Socorro': '06h10', 'Candelária - Centro': '06h18', 'Feteiras - Biscoito': '06h20', 'Feteiras - Igreja': '06h23', 'Relva - Canto da Pia': '06h38', 'Ponta Delgada - Ramalho': '06h41', 'Ponta Delgada': '06h50'};WEEKDAY;None
204-08h30;204;{'Candelária - Socorro': '08h30', 'Candelária - Centro': '08h39', 'Feteiras - Biscoito': '08h42', 'Feteiras - Igreja': '08h46', 'Relva - Canto da Pia': '09h04', 'Ponta Delgada - Ramalho': '09h10', 'Ponta Delgada': '09h20'};WEEKDAY;None
